{"cameraMode":{"drawMode":0,"name":"Shaded","section":"Shading Mode"},"sceneLighting":false,"audioPlay":false,"sceneViewState":{"showFog":true,"showMaterialUpdate":false,"showSkybox":false,"showFlares":true,"showImageEffects":true,"showParticleSystems":true},"in2DMode":false,"pivot":{"x":1378.0438232421875,"y":218.20767211914063,"z":-520.8595581054688},"rotation":{"x":-0.006091720424592495,"y":0.9934770464897156,"z":-0.06447724997997284,"w":-0.09386235475540161},"size":1646.3138427734375,"orthographic":false}